{
  "company": "",
  "ticker": "",
  "industry": "製造・サービス",
  "revenue": [
    4373.218909,
    4207.713972,
    3596.347153,
    2770.000219,
    3896.800107
  ],
  "fcf": [
    225.938201,
    548.608,
    478.417,
    -215.778,
    122.877
  ],
  "eps": [
    5.04,
    3.23,
    1.55,
    0.66,
    -6.46
  ],
  "roe": [
    23.69443828085222,
    9.781220708348064,
    -68.29394056044511
  ],
  "roe_growth_rate": 91.98837884129733,
  "roa": [
    7.227920790576436,
    2.497726214087169,
    -10.617100417977653
  ],
  "equity_ratio": 77.56207385263846,
  "equity_ratio_5y": 55.50406842160667,
  "quick_ratio": 93.7553588148525,
  "quick_ratio_5y": 1673.564353686151,
  "current_ratio": 93.7553588148525,
  "current_ratio_5y": 77.3331011671604,
  "operating_cf": [
    232.95447,
    560.89,
    485.886,
    -208.895,
    152.239
  ],
  "investing_cf": [
    5.28368,
    -122.581,
    -210.542,
    -56.846,
    -220.544
  ],
  "financing_cf": [
    -185.423301,
    -186.267,
    241.146,
    -49.013,
    265.965
  ],
  "op_margin": [
    6.648,
    4.034,
    1.73,
    -3.097,
    -9.526
  ],
  "ebitda_margin": 7.503,
  "ebitda_margin_5y": -7.838000000000001,
  "debt_fcf": 1.860521090012574,
  "debt_fcf_5y": 3.474384954059751,
  "nd_ebitda": -2.763550142752478,
  "ev": 681364.8163462183,
  "per": 15.069657822790695,
  "per_5y": -1.8534540439044844,
  "pbr": 3.5706707719567596,
  "pbr_5y": 1.265796803059295,
  "nopat": 218.05778475,
  "nopat_5y": -278.4064755,
  "invested_capital": 546.245682,
  "invested_capital_5y": 135.16100000000006,
  "wacc": 6.7098192465267115,
  "accounts_receivable": 1169.586998,
  "accounts_receivable_5y": 1098.3,
  "inventory": 0,
  "inventory_5y": -42535.7,
  "accounts_payable": 1121.531876,
  "accounts_payable_5y": 1356.472,
  "cogs": 3839.907003,
  "cogs_5y": 4122.15785,
  "sga_ratio": 5.546673904221885,
  "sga_ratio_5y": 3.742837379264114,
  "total_assets": 4763.47615,
  "total_assets_5y": 3425.542,
  "fixed_assets": 92.30852,
  "fixed_assets_5y": 51.366,
  "tangible_fixed_assets": 92.30852,
  "tangible_fixed_assets_5y": 51.366,
  "intangible_fixed_assets": 28.532415,
  "intangible_fixed_assets_5y": 80.845,
  "net_income_val": 344.300283,
  "net_income_val_5y": -363.693234,
  "op_income_val": 290.743713,
  "op_income_val_5y": -371.208634,
  "interest_exp": -67.498423,
  "interest_exp_5y": 26.747,
  "other_exp": -79.265709,
  "other_exp_5y": -49.866629,
  "pretax_income": 485.236616,
  "pretax_income_5y": -344.040245,
  "income_tax": 93.207562,
  "income_tax_5y": 15.604229,
  "total_equity": 1453.084808,
  "total_equity_5y": 532.541,
  "dividend_yield": 0.9332915505282363,
  "dividend_yield_5y": 2.8177300898961324,
  "payout_ratio": 14.064384315362297,
  "payout_ratio_5y": -5.222533229749334,
  "d1_mgmt_change": "○",
  "d2_ownership": "○",
  "d3_esg": "○"
}